fold_name,accuracy
A,0.614331911111111
B,0.500792133333334
C,0.659007822222222
D,0.586910444444445
E,0.670219688888889
