fold_name,accuracy
A,0.888224644444445
B,0.904369333333333
C,0.877219688888889
D,0.881196933333333
E,0.902779711111111
