fold_name,accuracy
A,0.923619844444444
B,0.924509688888889
C,0.931278844444444
D,0.912228355555556
E,0.916558622222222
